{"fragments": [{"start": 0, "end": 0.25, "fragment-type": "normal"}, {"start": 0.25, "end": 2.7499999999999964, "fragment-type": "normal"}, {"start": 2.7499999999999964, "end": 4.249999999999993, "fragment-type": "normal"}]}